Platform,Title
Gemma,Google Just Released Super Compact AI Model - How to Run Gemma 3 270M on ANY Android Phone
Gemma,How to Chat with Gemma AI Locally on Your Android Phone
Gemma,How to Try  Gemma 3N Mobile AI on Google AI Studio
DeepSeek,How to Run DeepSeek-R1 Locally on Android Phone (TOTALLY OFFLINE)
DeepSeek,How to Run AI Like DeepSeek R1 on Low-End PC
DeepSeek,I Tested Alibaba's QwQ-32B Against DeepSeek R1 (it wasn't good)
Kimi,How to Research ANYTHING with Kimi Research Agent in MINUTES
Kimi,How to Automate YOUR Work with Kimi AI's OK Computer Agent in MINUTES
Kimi,How to Use Saved Prompts in Kimi AI to Create a FAST Reusable Prompt Library That Saves Hours
Kimi,How to Create PROFESSIONAL Slides with Kimi AI
Manus,How to Create BRANDED Presentation Slides in Manus AI with This NEW Feature
Manus,How to Chat with Manus AI Without Executing Agents
Manus,How to Use Manus AI Agent to Create Multiple Images with One Prompt
Manus,How to Create a COOL Presentation in Minutes Using Manus AI
Qwen,How to Create MULTI-SPEAKER Podcast with Qwen AI Deep Research
Qwen,How to Turn ANYTHING Into Beautiful Infographics with Gemini & Qwen AI
Qwen,"This AI Can Handle Photo, Audio, Video - How to Use Qwen3-Omni on The Web"
Qwen,This Free AI Tool Would Replace Photoshop - How to Edit Images with Qwen Chat
Qwen,This AI Can Render Text PERFECTLY - How to Use Qwen Image
Qwen,How to Use Qwen-MT to Translate 92 Languages Accurately (BETTER than ChatGPT & Gemini)
Qwen,How to Use Qwen3-Coder to Build Apps for FREE (It Beats GPT-4.1 & Gemini 2.5 Pro)
Qwen,How to Use Qwen VLo to Create & Edit Pictures Like Chatting
Qwen,How to Download Qwen3 and Run It On Your PC
Qwen,How to Use Alibaba's Qwen3 AI on Your Browser
Mistral,How to Download ANY Mistral Model & Chat Completely OFFLINE
Mistral,Mistral AI is NOT 100% Private - How to Improve Your PRIVACY on Le Chat
Mistral,How to Create Images in SECONDS with Mistral's Le Chat AI (Black Forest Labs)
Mistral,How to Use Magistral Thinking Mode in Mistral's Le Chat with 10X PERFORMANCE
Mistral,How to Edit Images with Mistral AI Le Chat for FREE (ChatGPT Alternative)
Mistral,How to INSTANTLY Draft Email Messages with Mistral AI - Connect Gmail with Le Chat AI
Mistral,How to Create AI Agents in Mistral Le Chat with CUSTOM Instructions & Settings
Mistral,How to Deep Research Anything with Mistral's Le Chat in 5 MINUTES
Grok,How to Use Grok 4 Without Paying SuperGrok Subscription - LMarena.ai Method
Grok,How to Create Charts with Grok AI with This Prompt
Grok,How to Download Images from Grok AI Straight to Your Device
Grok,How to Generate Images in Grok AI (and One Feature That I Like)
Grok,How to Delete All Conversations on Grok AI (Web & X.com)
Grok,How to Create 'Custom GPT' in Grok AI
Grok,Grok AI Can Create PDF Now - How to Download?
Grok,How to Add Custom Instructions to Grok AI
Grok,Grok's New Feature Makes it On Par with ChatGPT
Grok,Turning Images into Studio Ghibli on Grok AI
Grok,Grok AI Fights Back Google
Copilot,How to Use INTERACTIVE Study Mode in Copilot for EFFECTIVE Learning
Copilot,How to Use Copilot Group Chat to BRAINSTORM Ideas with AI in Real-Time
Copilot,How to Use Copilot Audio Expressions to Create EXPRESSIVE AI Voiceovers for Your Content
Copilot,How to ACTIVATE Copilot Actions in Microsoft Edge to Automate Your Boring Tasks
Copilot,How to Enable Mico and Turn It Into CLIPPY in Microsoft Copilot
Copilot,How to INSTANTLY Generate Quizzes from Any Topic or Document with Microsoft Copilot
Copilot,This AI is BETTER Than ChatGPT Agent - How to Use Copilot Action to Perform Your Task
Copilot,How to Enable Copilot Mode in Microsoft Edge to CONTROL Browser with Your Voice
Copilot,How to Turn a Photo into 3D Objects with Microsoft Copilot 3D in SECONDS
Copilot,How to AUTOMATE Repetitive Tasks with Copilot Action - This AI Can Do Tasks Like Human
Copilot,This AI Can See Your PC Screen - How to Discuss ANYTHING with Copilot Vision in Real-Time
Copilot,How to Create AI Podcast with Microsoft Copilot (Like NotebookLM)
Copilot,How to Edit Images by Just Describing it in Microsoft Copilot AI
Copilot,How to Use Microsoft Copilot to Create AI Images (GPT-image-1)
NotebookLM,How to INSTANTLY Turn Documents into Data Tables in NotebookLM (and Export to Sheets)
NotebookLM,How to Start a FRESH Chat in NotebookLM While 'Preserving' Your Old Conversations
NotebookLM,"How to Use NotebookLM DIRECTLY In Gemini AI & Turn Notebooks Into Apps, Images and Videos"
NotebookLM,How to Turn YouTube Videos into ACTIONABLE Infographics with NotebookLM - Nano Banana PRO
NotebookLM,This is INSANE! How to Create BEAUTIFUL Presentation Slides with NotebookLM
NotebookLM,How to Create STUNNING Infographics with NotebookLM
NotebookLM,How to Chat with Your Manuals Using NotebookLM for INSTANT Answers
NotebookLM,How to Add YouTube Comments as SOURCES in NotebookLM with This Gemini Trick
NotebookLM,How to Use DEEP RESEARCH on NotebookLM to Get More Credible Sources
NotebookLM,How to Create INSTANT Flashcards and Quizzes From Your Notes with NotebookLM Mobile App
NotebookLM,How to Set CUSTOM Instructions in NotebookLM Chat So It Produces Better Answers
NotebookLM,How to CLONE The Brain of Expert YouTubers with NotebookLM (Insert Their Videos)
NotebookLM,How to Turn Documents Into BEAUTIFUL Videos With Nano Banana in NotebookLM
NotebookLM,How to Turn Documents into PROFESSIONAL Custom Reports with NotebookLM
NotebookLM,How to Convert Study Materials into Interactive Quiz with NotebookLM for EFFECTIVE Learning
NotebookLM,How to Create Engaging Flashcards from ANY Documents with NotebookLM AI
NotebookLM,How to SUMMARIZE Anything into 2-Minute Audio with NotebookLM
NotebookLM,"How to Use NotebookLM's NEW Audio Overview Formats: Deep Dive, Brief, Critique & Debate"
NotebookLM,How to Replace NotebookLM's Video Overview with YOUR OWN Voice (ElevenLabs Voice Changer)
NotebookLM,How to Create AI Video Overviews in 80 Languages with NotebookLM (NEW Update)
NotebookLM,How to FIX NotebookLM Unable to Import Web Pages Due to Domain Restrictions
NotebookLM,How to Quickly Add Multiple Link Sources to NotebookLM from Browser with this FREE Extension
NotebookLM,How to Turn a YouTube Playlist into an Effective Learning Video with NotebookLM
NotebookLM,How to Make a VERY LONG Audio Overview with NotebookLM - 100 Minutes Podcast
NotebookLM,How to Create a Learning Video in NotebookLM - Learn Like Watching a Presentation
NotebookLM,How to Create AI Podcast with Microsoft Copilot (Like NotebookLM)
NotebookLM,How to Create REALISTIC Podcast Using Genspark AI Pods Agent - Best NotebookLM Alternative!
NotebookLM,"How to ""Save"" NotebookLM Chat So It Won't Disappear After Refresh"
NotebookLM,How to Use NotebookLM to Help You Write a Book (3 Things You Can Do)
NotebookLM,How to Switch NotebookLM Podcast Language to Chinese
NotebookLM,How to Make NotebookLM Podcast Shorter (follow this setting)
NotebookLM,How to Create Notes in NotebookLM and Turn it Into Sources
NotebookLM,How to Share NotebookLM Podcast to Anyone With a Link
NotebookLM,How to Download All Notes from a NotebookLM Project
NotebookLM,How to Join NotebookLM Podcast and Talk to AI in Real-time
NotebookLM,How to Create Interactive Mind Map in NotebookLM
NotebookLM,How to Use NotebookLM WEB Version on Mobile
NotebookLM,How to Make NotebookLM Audio Podcast Speaks in English
NotebookLM,How to Download NotebookLM Podcast and Play it OFFLINE
NotebookLM,How to Make NotebookLM Audio Overview Podcast LONGER
NotebookLM,How to Customize Audio Overview Podcast Length in NotebookLM
NotebookLM,How to Make NotebookLM Podcast Speak Your Language
Claude,How to Use Claude AI Agent to AUTOMATE Browser Tasks and Save Time
Claude,How to Create Your Own Apps Using Claude Artifacts (Zero Coding Skills)
Claude,Claude Web Search Is FREE - How to Search the Web on Claude AI
Claude,How to Use Claude 4 Sonnet in Perplexity AI (Anthropic's Best Model)
Claude,Bye 3.5 Sonnet - How to Use Claude 3.7 Sonnet on Perplexity AI
Claude,How to Switch to Claude 3 5 Sonnet in Perplexity
Perplexity,How to Use Perplexity AI Shortcuts to Build REUSABLE Prompts and Save Time
Perplexity,How to Instantly Track Your Flight in REAL-TIME with Perplexity AI
Perplexity,How to Use Perplexity AI as a FREE Down Detector App (use this prompt)
Perplexity,How to Use Perplexity AI as Your INSTANT Pronunciation Tool with This Simple Hack
Perplexity,How to Create PowerPoint Presentation Slides with Perplexity AI (PPTX)
Perplexity,How to Find Any Patent in SECONDS Using Perplexity's IP Search Agent
Perplexity,How to Fix MISSING Audio Cards in Perplexity AI Language Learning Feature
Perplexity,How to STOP Temporary Threads in Perplexity AI from Being Deleted Automatically
Perplexity,How to Turn ANY Articles into Interactive REPORTS with Perplexity Labs
Perplexity,How to Set Perplexity AI as DEFAULT Search Engine on Firefox
Perplexity,How to Use Perplexity AI to PRONOUNCE Words Correctly and Speak Any Language
Perplexity,How to Use Perplexity AI to Learn to Speak in ANY Language
Perplexity,I Didn't Know This Was Possible? - How to Set Up a Timer in Perplexity AI
Perplexity,How to Edit Photos with Nano Banana in Perplexity AI WITHOUT The Watermark
Perplexity,This Perplexity-Style AI is FREE - How to Make Jan.ai Search The Web (MCP Serper)
Perplexity,How to REPLACE Perplexity Search with Google AI Mode in Comet Browser
Perplexity,How to 4X Your Research in Perplexity AI - Force it to SEARCH More Before Answering
Perplexity,How to Use Google Search on the Perplexity's AI Comet Browser
Perplexity,How to Connect Perplexity with YOUR Gmail and Automate Boring Tasks
Perplexity,"How to Download YouTube Thumbnail Instantly Using AI (ChatGPT, Gemini, Perplexity, etc)"
Perplexity,This Perplexity Killer is FREE - How to Use AI Mode on Google Search
Perplexity,Veo 3 NOW in Perplexity - How to Create Realistic AI Videos With Perplexity
Perplexity,How to Force Perplexity to Actually RESEARCH THE WEB Before Answering Questions
Perplexity,How to Link Your WhatsApp to Perplexity AI With Its Connector Tool
Perplexity,How to Use Perplexity Shopping to Get The Best Products Recommendation
Perplexity,How to Create Automatic Price Alert on Perplexity AI - Keep Track Your Favorite Assets
Perplexity,How to Remove 'Related' Section in Perplexity.ai to Remove Distraction (Web Version)
Perplexity,How to Use Perplexity AI as a SMART Note-Taking App
Perplexity,How to Fix Perplexity Spaces NOT Following Your Custom Instructions
Perplexity,How to Make Perplexity Research AUTOMATICALLY for You (Convert Thread to Task)
Perplexity,How to 'Change' Prompt in Perplexity AI While It's Still Researching
Perplexity,How to Transcribe Audio to Text Using Perplexity - FREE & ACCURATE
Perplexity,How to Fix Perplexity Spaces That Doesn't Read the Web (even when you asked to)
Perplexity,6 Perplexity AI Features That Will Change Your Life
Perplexity,How to Fix Perplexity Doesn't Search the Web Before Answering
Perplexity,How to Instantly Summarize a YouTube Video Using Perplexity AI
Perplexity,How to Add Table of Contents to Perplexity Threads (Quick Links)
Perplexity,How to Listen to Perplexity AI Answer Like Podcast (Copy This Prompt)
Perplexity,How to Get Perplexity AI Answer from Google Search
Perplexity,How to Use Perplexity AI to Enhance Basic Prompt into More Detailed
Perplexity,How to Make Perplexity AI Sound More Conversational (Like ChatGPT)
Perplexity,How to Use Perplexity AI to Research Finance Products (Stock & Crypto)
Perplexity,How to Create a Fully Editable Flowchart Using Perplexity AI
Perplexity,How to Make Perplexity AI to Research Only from Academic Resources
Perplexity,How to Use Any Perplexity Space Instantly (from the Homepage)
Perplexity,How to Create Scheduled Reminders in Perplexity WhatsApp by Just Chatting
Perplexity,How to Create FREE Veo 3 Videos with Perplexity AI (sort of)
Perplexity,How to Find Coupon Codes Using Perplexity AI
Perplexity,How to Create Custom AI Tool Powered by Perplexity's Sonar AI
Perplexity,How to Use Perplexity AI to Study Effectively (Tips for Student)
Perplexity,How to Set Perplexity AI as Search Engine in Firefox (no matter your country)
Perplexity,How to Create a SUPER Interactive Flashcard Using Perplexity to Learn Faster
Perplexity,How to Export Perplexity Labs as PPTX Presentation (Using FREE Tools)
Perplexity,How to Enable Perplexity AI Profile to Get More PERSONAL Answer
Perplexity,How to Create Daily AI Newsletter Using Perplexity Task
Perplexity,How to Export Perplexity Thread to Google Docs (and Microsoft Word)
Perplexity,How to Download the ENTIRE Perplexity Chat as PDF
Perplexity,How to Use Perplexity's Text to Speech to Read Aloud the Answer
Perplexity,How to Use Perplexity AI to Make SMART Product Comparison Before You Purchase
Perplexity,How to Search from a Specific Timeframe in Perplexity AI
Perplexity,How to Use Perplexity AI to Search PDF Documents on the Internet
Perplexity,How to Make Perplexity AI ANSWER Math Questions Without Mistake
Perplexity,How to Use Perplexity AI to Design Your Room & Suggest Furniture to Buy
Perplexity,How to Force Perplexity AI to Only Search from Specific Sites
Perplexity,How to Use Perplexity AI Text-to-Speech on Desktop Web
Perplexity,How to Exclude Certain Websites When Searching on Perplexity AI
Perplexity,How to Use Perplexity AI to Analyze BIG YouTube Videos
Perplexity,How to Use Perplexity AI Without Reading Resources
Perplexity,How to Create Tasks in Perplexity AI and Run it Every Day
Perplexity,How to Download Perplexity Documents WITHOUT Citation Links
Perplexity,How to Create a Professional CV Using Perplexity AI
Perplexity,How to Create a PDF Document Using Perplexity AI - Labs Method
Perplexity,How to Use OpenAI's o3 Most Powerful Reasoning Model on Perplexity AI
Perplexity,Is Perplexity AI Down? - How to Check Perplexity Uptime Status
Perplexity,How to Transcribe Videos Using Perplexity AI in SECONDS
Perplexity,How to Spot Crypto Scams Using Perplexity AI (Copy This Prompt)
Perplexity,How to Generate Comprehensive Report About ANYTHING in Perplexity Labs
Perplexity,How to Check Your Perplexity Labs Credit - How Many Left?
Perplexity,How to Make Perplexity AI Research & Design Presentation Slides in 5 Minutes
Perplexity,How to Use Memories in Perplexity AI to Get SMARTER Answers
Perplexity,Perplexity AI Didn't Tell You This Important Number
Perplexity,How to Use Perplexity Templates to 3X Your Research
Perplexity,How to Create COOL Websites in Perplexity and Put it Online
Perplexity,How to Use Perplexity Labs to Create Multiple Picture Variations
Perplexity,How to Delete a Perplexity Space in 30 Seconds
Perplexity,How to Use Perplexity Labs to Create ANYTHING (Like AI Agent)
Perplexity,How to Generate Pictures in Perplexity Mobile Version
Perplexity,How to Send Voice Message to Perplexity WhatsApp and Telegram
Perplexity,How to Create Perplexity Style Image in ChatGPT - Copy This Prompt
Perplexity,How to Use Claude 4 Sonnet in Perplexity AI (Anthropic's Best Model)
Perplexity,How to 'Perplexify' Your Photo in Perplexity (New AI Tool)
Perplexity,How to Use Perplexity AI for Research on Telegram
Perplexity,How to Turn Perplexity AI into The Most UP TO DATE News Curator
Perplexity,Perplexity's AI Browser Will Come Very Soon
Perplexity,How to Make Perplexity AI NOT Accessing the Internet
Perplexity,How to Make Perplexity Read Your Dropbox Document
Perplexity,How to Disable Perplexity News Feed in the Homepage
Perplexity,How to Make Perplexity Read Google Drive Documents
Perplexity,"Finally, Perplexity AI Desktop Got VOICE MODE"
Perplexity,How to Make Studio Ghibli Generator on Perplexity AI
Perplexity,How to Chat with Perplexity AI in WhatsApp
Perplexity,How to Edit Photos With Perplexity in 60 Seconds
Perplexity,How to Create Transparent Picture on Perplexity AI
Perplexity,Can You Edit Photo Using Perplexity AI?
Perplexity,How to Use GPT-Image-1 on Perplexity AI
Perplexity,How to Replace Google with Perplexity
Perplexity,How to Use Perplexity Spaces for Custom Instructions
Perplexity,How to Download Perplexity Pages as PDF
Perplexity,How to Use GPT-4.1 on Perplexity AI
Perplexity,Perplexity Can Finally Edit Images (Sort of...)
Perplexity,Gemini 2.5 Pro in Perplexity is Weaker
Perplexity,How to Get the Most Out of Perplexity Pro
Perplexity,Perplexity AI Can Fact Check Now
Perplexity,How to Use Perplexity to Search Images
Perplexity,Will GPT-4o Image Generation in Perplexity AI?
Perplexity,How to Summarize Articles with Perplexity AI
Perplexity,Perplexity Finally Listens
Perplexity,"I Have Perplexity AI, Why Need Proxy?"
Perplexity,Why Perplexity Removed GPT-4.5?
Perplexity,How to Remove Perplexity AI News
Perplexity,Watch This Before Buying Perplexity Pro...
Perplexity,The NEW Way to Generate Image in Perplexity
Perplexity,This Tool Removes Perplexity Citation Links
Perplexity,Perplexity Will Release Comet
Perplexity,How to Generate Amateur Looking Photo in Perplexity AI
Perplexity,How to Quickly Generate AI Pictures in Perplexity
Perplexity,Perplexity Windows App is FINALLY HERE!
Perplexity,How to Make Perplexity API Wrapper Using Perplexity AI
Perplexity,This Perplexity Clone Let's You Chat With a YouTube Video (cofyt.app)
Perplexity,Perplexity' Only $6/Month? This AI Has Everything!
Perplexity,How to Stop Perplexity from Creating Paste.txt File
Perplexity,Finally! Perplexity Just Released This Important Update (3.7 Sonnet Thinking)
Perplexity,How to Build Perplexity API Automation on Make.com (It's EASY)
Perplexity,Building a Chrome Extension Using Only Perplexity AI
Perplexity,How to Use Perplexity AI as AI Companion in Browser (kinda)
Perplexity,How to Use GPT 4.5 in Perplexity AI - Is it Better?
Perplexity,How to Build a Website Using Perplexity AI
Perplexity,Is Perplexity Pro Worth It? My 2 Years Review
Perplexity,Bye 3.5 Sonnet - How to Use Claude 3.7 Sonnet on Perplexity AI
Perplexity,Search Anything in Perplexity Without Storing History - Incognito Mode
Perplexity,How to Use Perplexity AI for Research Basic
Perplexity,How to Create Coloring Book Picture Using Perplexity AI (Flux.1)
Perplexity,How to Create Uncensored AI Chatbot Powered by Perplexity API (R1-1776)
Perplexity,How to Copy from Perplexity AI without Citation Numbers
Perplexity,How to Check Remaining Perplexity Pro AI Credits
Perplexity,How to Generate AI Articles using Perplexity Pages
Perplexity,How to Remove References & Citations from Perplexity AI Response
Perplexity,How to Create Perplexity API Chatbot using Perplexity AI
Perplexity,How to Generate Chart Using Perplexity AI
Perplexity,How to Use Perplexity Deep Research AI
Perplexity,How to Use Perplexity AI Spaces
Perplexity,How to Use Perplexity AI Search Engine in the Arc Browser
Perplexity,How to Get Perplexity AI Pro Credits for Free Not Clickbait
Perplexity,How to Log Out from Perplexity AI
Perplexity,How to Use Generate AI Image Using Playground V3 in Perplexity
Perplexity,How to Contact Perplexity AI Support to Help with a Problem
Perplexity,How to Download Perplexity AI Answer as PDF (New Feature)
Perplexity,How to Use Flux to Generate Picture in Perplexity AI
Perplexity,How to Always Use GPT 4o in Perplexity AI
Perplexity,How to Use Perplexity AI Extension on the Browser
Perplexity,How to Set Perplexity as Search Engine in Google Chrome
Perplexity,How to Get 50% Off on Perplexity Pro Promo Code
Perplexity,How to Sign Up to Perplexity AI Search
Perplexity,How to Permanently Delete Your Perplexity AI Account
Perplexity,How to Delete Threads in Perplexity AI
Perplexity,How to Switch to Claude 3 5 Sonnet in Perplexity
Perplexity,How to Use Dall-E 3 to Generate Image in Perplexity
Perplexity,How to Change AI Model in Perplexity
Perplexity,How to Change AI Language in Perplexity
Perplexity,How to See the Conversation History in Perplexity AI
Perplexity,How to Generate Realistic Image with Perplexity AI
Perplexity,How to Stop Perplexity from Browsing the Internet
Perplexity,How to Copy a Table from Perplexity
ChatGPT,How to Create BRANDED QR Code with YOUR Logo Using ChatGPT
ChatGPT,How to Create INTERACTIVE Quizzes with ChatGPT About ANY Topic
ChatGPT,How to Use Branching Chat in ChatGPT App to SPLIT Conversations into Various Topics
ChatGPT,How to Pin Your Chats to the Very TOP in ChatGPT
ChatGPT,"How to Change ChatGPT Characteristics for SMARTER, More Tailored AI Responses"
ChatGPT,How to Switch Back to GPT-Image-1 in ChatGPT and RECLAIM Your Preferred Style
ChatGPT,Is New ChatGPT Image BETTER Than Gemini Nano Banana? I Tested Them
ChatGPT,How to Use Adobe Acrobat in ChatGPT to Create & Edit PDFs Instantly
ChatGPT,How to Use Adobe Express in ChatGPT to Create SUPERB Designs
ChatGPT,How to Use Group Chats in ChatGPT for INSTANT Team Collaboration and AI Brainstorming
ChatGPT,How to Find the BEST Products Using ChatGPT SHOPPING Research Tool
ChatGPT,How to Edit Photos with PHOTOSHOP Directly in ChatGPT for Free
ChatGPT,How to Generate MORE ChatGPT Images Without Waiting (NEW Hidden Feature)
ChatGPT,How to Stop ChatGPT from Being TOO AGREEABLE
ChatGPT,How to Create 4K Images with Gemini NANO BANANA PRO + ChatGPT
ChatGPT,How to BATCH Censor Faces with ChatGPT in an INSTANT
ChatGPT,How to Switch ChatGPT Personality for REAL Answers Based on What You Need
ChatGPT,How to BULK Create Quote Pictures with ChatGPT in 60 Seconds Using This PROMPT
ChatGPT,How to STOP ChatGPT from Using Emojis in The Answer
ChatGPT,How to Extract ALL YouTube Comments with ChatGPT
ChatGPT,How to Generate SUPERB PowerPoint Presentation Using ChatGPT & Gemini AI
ChatGPT,How to Change Your ChatGPT Account Name and NICKNAME It Uses to Address You
ChatGPT,How to Bulk Rotate Photos with ChatGPT INSTANTLY Using This Prompt
ChatGPT,How to Create PERFECT Photo Collages with ChatGPT
ChatGPT,How to Easily Delete Generated & Uploaded Images in ChatGPT Library
ChatGPT,How to Duplicate ChatGPT Conversations Using BRANCHING Without Losing Originals
ChatGPT,How to Upscale Photos Using ChatGPT for Maximum Sharpness
ChatGPT,How to FIX ChatGPT Unable to Visit Blocked Websites With this SIMPLE Trick
ChatGPT,How to BATCH Watermark Images with ChatGPT WITHOUT Changing Details
ChatGPT,How to Batch Generate MULTIPLE Pictures at Once in ChatGPT
ChatGPT,How to REGENERATE Images in ChatGPT Within the Same Thread
ChatGPT,How to Create SEAMLESS Patterns with ChatGPT & Turn Them into Sellable Product Mockups
ChatGPT,How to PROTECT Privacy on Your ChatGPT Account and STOP Data Collection
ChatGPT,How to Force ChatGPT to Always Answer Super CLEARLY - Copy This Prompt
ChatGPT,How to Use Apps in ChatGPT and Make AI Perform Tasks for YOU
ChatGPT,How to Create Projects in ChatGPT That ALWAYS Follow Your Instructions
ChatGPT,How to Enable LIVE Screen Share in ChatGPT to Get PRECISE Answers
ChatGPT,How to Set ChatGPT as DEFAULT AI Search Engine in the Comet Browser
ChatGPT,How to Store MORE on ChatGPT Memory By Up To 50%
ChatGPT,How to Make ChatGPT Auto-Update Memory with NEWEST Information
ChatGPT,How to Fix ChatGPT FULL Memory Issue Without Deleting Memory
ChatGPT,How to Make ChatGPT to Remember Important Things About You - COOL Memory Trick
ChatGPT,"How to Download YouTube Thumbnail Instantly Using AI (ChatGPT, Gemini, Perplexity, etc)"
ChatGPT,How to Branch Your Conversation with ChatGPT Into MULTIPLE Threads
ChatGPT,This AI is BETTER Than ChatGPT Agent - How to Use Copilot Action to Perform Your Task
ChatGPT,How to Use ChatGPT to Check if a Website is DOWN - AI Down Detector
ChatGPT,How to Use ChatGPT as ON-DEMAND Search Engine in Chrome (Like @Gemini)
ChatGPT,How to Create Automated Tasks with ChatGPT Schedule (Recurring Workflow)
ChatGPT,How to Set ChatGPT as DEFAULT Search Engine in Google Chrome - Get AI Answer Instantly
ChatGPT,How to Bring Back ALL Legacy Models in ChatGPT After GPT-5 Update
ChatGPT,How to Turn PDF Documents into a STUNNING Infographic with ChatGPT (Copy Any Design)
ChatGPT,How to Turn Anything Into a Cute Felt Object with ChatGPT
ChatGPT,How to BRING BACK GPT-4o Model to ChatGPT in Under 1 Minute
ChatGPT,How to Insert Your Product into a Premium Glass Display with ChatGPT (Looks AUTHENTIC)
ChatGPT,How to Use ChatGPT AI Agent Mode to Research & Create Presentation Slide Deck
ChatGPT,How to Create a COOL Product Typography Silhouette with ChatGPT - Just Copy This Prompt
ChatGPT,How to Create Logo on a Building Façade Photo with ChatGPT
ChatGPT,How to Create 2 Pictures in ChatGPT from a SINGLE Prompt
ChatGPT,How to Change ChatGPT Personalities to Get WAY Better Answers
ChatGPT,How to Change Chat Accent Color in ChatGPT that Look AWESOME!
ChatGPT,How to Make ChatGPT Generate a PowerPoint Document Draft for You
ChatGPT,How to Edit Images with Mistral AI Le Chat for FREE (ChatGPT Alternative)
ChatGPT,How to Use Qwen-MT to Translate 92 Languages Accurately (BETTER than ChatGPT & Gemini)
ChatGPT,How to COPY ChatGPT's Study Mode to Gemini AI (Secret Custom Instructions)
ChatGPT,How to Use Study Mode in ChatGPT to Learn Effectively
ChatGPT,This AI Removes Object Better Than ChatGPT - How to Use ObjectClear AI
ChatGPT,How to Create Luxurious Product on Pedestal Photo with ChatGPT
ChatGPT,How to Create E-book Cover Like PRO Designers with ChatGPT - Copy These Prompts
ChatGPT,How to Create AI Videos with Sora for FREE Without ChatGPT Subscription - Bing App Method
ChatGPT,This AI Can Create & EDIT Pictures Like ChatGPT - How to Use Ovis-U1 FREE
ChatGPT,How to Convert App Screenshots into Wireframe Mockups Using ChatGPT
ChatGPT,How to Make Perplexity AI Sound More Conversational (Like ChatGPT)
ChatGPT,How to Create VIRAL YouTube Thumbnails Using ChatGPT
ChatGPT,How to Turn Your Logo Like Apple's Liquid Glass Icon Using ChatGPT
ChatGPT,How to Create Apple's Liquid Glass Text Using ChatGPT
ChatGPT,How to Create Apple Liquid Glass Design in ChatGPT
ChatGPT,This Chrome Extension Makes Your ChatGPT Prompt 10X Better - Pretty Prompt AI
ChatGPT,How to Turn Your Selfie Into a Cute Anime Character Using ChatGPT
ChatGPT,How to Create THAT Corporate Style Illustration in ChatGPT
ChatGPT,How to Turn Your Photo Into These Viral Styles in ChatGPT
ChatGPT,How to Turn Your Front Store 3D Using ChatGPT
ChatGPT,How to Use Bagel AI on a Browser - The Open-Source ChatGPT Killer
ChatGPT,How to Create Amateur Looking Photo in ChatGPT
ChatGPT,How to Create Advertisement Style Food Photo in ChatGPT
ChatGPT,How to Make Professional Food Photo in ChatGPT with THIS Simple Prompt
ChatGPT,How to Create 3D Render Icon with ChatGPT  (And Animate It)
ChatGPT,How to Turn Logo into Realistic 3D Felt Emblem in ChatGPT
ChatGPT,How to Create Perplexity Style Image in ChatGPT - Copy This Prompt
ChatGPT,How to Turn Picture into Real 3D Model with ChatGPT
ChatGPT,How to Turn Your Photo Into Low-Poly Style in ChatGPT
ChatGPT,How to Make a Website Using ChatGPT and Put It Online
ChatGPT,How to Design STUNNING Restaurant Menus with ChatGPT
ChatGPT,How to Extract Text from a Photo Using AI (ChatGPT & Gemini)
ChatGPT,How to Create 3D Isometric Photo from Your Room in ChatGPT
ChatGPT,What is ChatGPT Upload Limit? And Better Alternatives You Can Try
ChatGPT,How to Turn Anything Into Realistic Plushy in ChatGPT
ChatGPT,Copy This ChatGPT Prompt to Create Cool Poster in 2 Minutes
ChatGPT,How to Create Double Exposure Effect on ChatGPT (Copy This Prompt)
ChatGPT,How to Make Exploded Diagram View in ChatGPT + Veo 2
ChatGPT,How to Create Talking Avatar Video in 5 Minutes Using FREE ChatGPT + Dreamina
ChatGPT,How to Create Cinematic Photos in ChatGPT with a Simple Prompt
ChatGPT,How to Turn Your Photo Into Anime in ChatGPT
ChatGPT,What Image Aspect Ratio Supported in ChatGPT?
ChatGPT,How to Create Mini People Assembling Your Product in ChatGPT
ChatGPT,"Replaced By GPT-4o, How to Keep Using Dall-E 3 on ChatGPT?"
ChatGPT,How to Turn Your Product Into Realistic Cake - ChatGPT
ChatGPT,How to Turn Your Photo Into Minecraft Character - ChatGPT
ChatGPT,This ChatGPT Prompt Makes Unique Business Card
ChatGPT,How to Make Beautiful Mother's Day Greeting Card with ChatGPT
ChatGPT,How to Remove Photo Background in ChatGPT in 30 Seconds
ChatGPT,How to Create ChatGPT Images Despite 'Reached Limit'
ChatGPT,How to Create a Trendy Logo Like Big Tech with ChatGPT
ChatGPT,How to Create Children Coloring Page in ChatGPT
ChatGPT,How to Extract Object from Pictures with ChatGPT
ChatGPT,How to Create Infographics in ChatGPT with a Single Prompt
ChatGPT,How to Put Yourself Into Action Figure Packaging - ChatGPT
ChatGPT,This AI Edits Better Than ChatGPT - How to Use ICEdit
ChatGPT,How to Use ChatGPT to Design a Website Layout
ChatGPT,How to Create IMPACTFUL Quote Picture with ChatGPT
ChatGPT,How to Fix ChatGPT Yellow Tint Color
ChatGPT,How to Turn Your Photo into 8-Bit with ChatGPT
ChatGPT,How to Stop ChatGPT from Making Yellow Images
ChatGPT,Turn Your Logo Into a Custom Rug with ChatGPT
ChatGPT,"Please Add This Prompt to ChatGPT, You'll Be Thankful"
ChatGPT,Create This Keychain Effect on ChatGPT
ChatGPT,Grok's New Feature Makes it On Par with ChatGPT
Gemini,How to Turn Sketch into REAL Pictures with Gemini AI
Gemini,How to Create a Steam Review Checklist Generator using Gemini AI for INSTANT Game Ratings
Gemini,How to Create PERSONALIZED New Year's Resolution Posters Using Gemini AI That Keeps You Accountable
Gemini,How to Create CUSTOM Branded Calendars Using Gemini AI to Match Your Design
Gemini,How to CLONE Any App Accurately with Gemini AI
Gemini,How to INSTANTLY Convert Articles into SUPERB Infographics with Gemini AI
Gemini,How to Create STUNNING Drone Videos Without a Drone Using Gemini AI
Gemini,How to SPOT if a Video Was Real or AI-Generated with Gemini
Gemini,How to Use Imagen 4 in Gemini AI for SHARPER Visuals and Reliable CREATIVE Control
Gemini,How to Create INTERACTIVE Ranking Tier List with Gemini AI
Gemini,How to Generate STUDIO-QUALITY Music in Gemini AI with The NEW Gems Feature
Gemini,How to INSTANTLY Create Personalized Christmas Greeting Cards from YOUR Photo with Gemini AI
Gemini,How to Build AI Workflows with Gemini NEW Gems to AUTOMATE Your Boring Work
Gemini,Is New ChatGPT Image BETTER Than Gemini Nano Banana? I Tested Them
Gemini,How to Generate Website HEATMAP with Gemini AI to IMPROVE Your Conversion
Gemini,How to EDIT Photos ACCURATELY with Gemini Image Markup
Gemini,How to Create UNIQUE Christmas Gift Ideas Generator with Gemini AI
Gemini,"How to Use NotebookLM DIRECTLY In Gemini AI & Turn Notebooks Into Apps, Images and Videos"
Gemini,NO WATERMARK! How to Remove Gemini WATERMARK Using Gemini Canvas
Gemini,How to Create PROFESSIONAL Logos in 60 Seconds Using Gemini AI Style Transfer
Gemini,How to Download Gemini Canvas as PDF Without CHANGING The Formatting
Gemini,How to Generate EPIC Videos from INGREDIENTS in Gemini AI
Gemini,How to Create STUNNING Bar Chart Race Animation with Gemini AI
Gemini,How to Create SELF-UPDATING Website with Gemini AI + Google Sheets
Gemini,How to Create CONSISTENT Character Storyboards with Gemini AI
Gemini,How to BULK Create ADORABLE Student Stickers with Gemini AI
Gemini,How to Check if a Picture Was AI GENERATED with Gemini
Gemini,How to Use Gemini NANO BANANA Pro in Google Vids and Turn Images into Videos (FREE)
Gemini,How to Create PRINTABLE Word Search Puzzles with Gemini AI
Gemini,How to Turn Your Photo into LIFELIKE Lego Sculpture with Gemini AI
Gemini,How to REMOVE Your Generated Photos from Gemini 'My Stuff' List
Gemini,How to Make CUSTOM Christmas Bedtime Stories with Your Child's Photo in Gemini AI
Gemini,How to Use Gemini NANO BANANA PRO in Google Docs to Create Images WITHOUT Watermark
Gemini,How to Create VERTICAL Videos in Gemini AI with Simple Prompts
Gemini,How to Create 4K Images with Gemini NANO BANANA PRO + ChatGPT
Gemini,How to QUICKLY Face Swap with Gemini NANO BANANA PRO Using a Simple Prompt
Gemini,How to Turn Logo Into Really COOL Concept Sketches with Gemini AI
Gemini,How to Create Consistent BRANDED Infographics with Gemini AI
Gemini,How to Restore Damaged Old Photos ACCURATELY with Gemini AI
Gemini,Nano Banana PRO - How to RESIZE Any Photo Seamlessly with Gemini AI
Gemini,How to Create Kurzgesagt-Style Animation with Gemini NANO BANANA PRO
Gemini,How to ZOOM OUT Close-up Photos into WIDE VIEW with Gemini Nano Banana PRO
Gemini,How to Use Gemini Nano Banana PRO to Analyze Your Skin Health (Note: NOT Medical)
Gemini,How to Turn Gemini NANO BANANA PRO Into Your PERSONAL Virtual Try On
Gemini,How to Switch to NANO BANANA PRO in Gemini AI When Creating Images
Gemini,How to SELECT Image Aspect Ratio with Gemini NANO BANANA PRO
Gemini,How to Create SHAPE Typography with Gemini's Nano Banana Pro
Gemini,How to Make Gemini Responses STUNNING & INTERACTIVE with Visual Layout Mode
Gemini,How to Add YouTube Comments as SOURCES in NotebookLM with This Gemini Trick
Gemini,How to Access Gemini 3 Pro RIGHT NOW with Google AI Studio
Gemini,How to Create CINEMATIC Silhouette Portraits with Gemini Nano Banana
Gemini,How to Generate SUPERB PowerPoint Presentation Using ChatGPT & Gemini AI
Gemini,How to Create DETAILED Research from YOUR Internal Files Using Gemini Deep Research
Gemini,How to Enable Past Chats Memory in Gemini AI for PERSONALIZED Responses Every Time
Gemini,How to DOWNLOAD Your Gemini Conversations as PDF with Canvas Mode
Gemini,How to FIX 'Immersive Content Redacted' Error on Gemini Canvas & RECOVER Lost Content
Gemini,How to Transform Flat Floor Plans into STUNNING 3D Visualizations with Gemini AI
Gemini,How to Create CUSTOM ElevenLabs TTS App with Gemini AI to COMPARE Voice Quality
Gemini,How to Turn Your SELFIE Into STUNNING Animated GIF with Gemini Nano Banana
Gemini,How to Generate REALISTIC Human Speech Directly in Gemini App
Gemini,How to Turn Boring Documents into STUNNING Presentation Slides with Gemini AI
Gemini,How to Generate MORE Veo Videos for FREE After Hitting Your Limit on Gemini
Gemini,How to Turn Photos into DRAMATIC Silhouette Rim Light Portraits with Gemini AI
Gemini,How to Turn Your Photo Into AESTHETIC Fashion Moodboards with Gemini AI
Gemini,How to Create Responsive Website Mockups with Gemini AI
Gemini,How to Turn Amateur Food Photo into POLISHED Marketing Posters with Gemini AI
Gemini,How to Find ALL Images & Videos Created in Gemini AI (My Stuff Library)
Gemini,How to Export Gemini AI Chats as PDF with These Free Chrome Extensions
Gemini,How to Transform Your Photo into CLASSICAL Ancient Statues Using Gemini AI
Gemini,How to Create NATURAL Human Voices with Gemini TTS in Google AI Studio
Gemini,How to Create STUNNING Presentation Slides with Gemini AI
Gemini,How to Visualize STUNNING New Hairstyles on Your Own Photo with Gemini AI
Gemini,How to BATCH Generate 10 Images with Gemini AI - COPY This Prompt
Gemini,How to Create Minimalist PROFESSIONAL Product Photos with Gemini AI
Gemini,How to Turn Your Photo into a STUNNING Kurzgesagt Bird with Gemini AI
Gemini,How to Generate PROFESSIONAL Seamless Patterns & Product Mockups with Gemini AI
Gemini,How to BATCH Create Coloring Pages with Gemini AI Using a SINGLE Prompt
Gemini,How to Turn Your Selfie Into a LIFELIKE Pencil Sketch With Gemini AI
Gemini,How to Edit Your Face Like VIRAL YouTube Thumbnail Styles with Gemini AI
Gemini,How to Create Professional Business Card Designs with Gemini AI
Gemini,How to Create Consistent Character Designs with Gemini AI
Gemini,How Many Images Can Gemini Generate for FREE in a Day? I TESTED It
Gemini,How to Create MORE IMAGES After Hitting Limit in Gemini AI (No Need to Wait)
Gemini,How to Create Touching Memorial Posters with Gemini AI
Gemini,How to Turn Your Logo into a STUNNING Drone Show Using Gemini AI Nano Banana
Gemini,How to Edit Photos with SURGICAL Precision Using Gemini AI (Highlight Method)
Gemini,"How to Create Professional AI Videos with Your FACE & VOICE (Gemini, Veo)"
Gemini,How to Turn Your Photo into a SUPER Realistic Lego Character with Gemini AI
Gemini,How to Infinite Zoom Out a Photo with Gemini AI AUTOMATICALLY
Gemini,How to Make Your Selfie Look MORE STYLISH with Gemini AI
Gemini,How to Face Swap with Gemini AI CONSISTENTLY Using This Proven Method
Gemini,How to Create PROFESSIONAL Infographics with Gemini + Google Stitch
Gemini,How to Turn ANYTHING Into Beautiful Infographics with Gemini & Qwen AI
Gemini,How to Turn Your Photo to Look CINEMATIC Using Gemini AI - Color Gel Photography Effect
Gemini,How to Create & Edit Images WITHOUT WATERMARK in Gemini AI
Gemini,How to Make INSANELY Cinematic Videos Like fern with Gemini AI
Gemini,How to Create Professional Halloween Brochures With Gemini AI - No Design Skill Needed
Gemini,How to Remove Gemini Nano Banana's Watermark Using These POWERFUL AI Tools
Gemini,How to Turn Your Photo into a REALISTIC Retro Pixel Art Character with Gemini AI
Gemini,How to Transform Your Logo into Any REALISTIC Material with Gemini AI
Gemini,How to Use 'Gemini 2.5 Computer Use' to Make AI Agent AUTOMATE Your Tasks
Gemini,How to Make CREDIBLE Professional Headshots with Gemini AI (30 Authentic Prompts)
Gemini,How to Create Lifestyle Clothing Product Photography with Gemini AI (WORKS on Any Apparel)
Gemini,How to EASILY Choose Image Aspect Ratio on Gemini Nano Banana (NEW Native Setting)
Gemini,How to Create LIFESTYLE Product Photography with Gemini AI (works on any product)
Gemini,How to Add RELEVANT YouTube Videos to Gemini AI Answer
Gemini,How to Turn Objects into Sci-Fi 3D HOLOGRAM with Gemini Nano Banana ( copy this prompt)
Gemini,How to Turn Your Photo into Cute Stickers with Gemini AI (and use them on messages)
Gemini,How to Edit Text in Photos with Gemini AI While Keeping THE SAME Design
Gemini,How to Switch Photo Aspect Ratio into ANY SIZE with Gemini Nano Banana
Gemini,How to Turn Anything into a CUTE Miniature with Gemini Nano Banana
Gemini,How to Seamlessly Insert Yourself into Any Photo with Gemini Nano Banana (REPLACE CHARACTER)
Gemini,How to Convert Your Photo into Polaroid Style with Gemini
Gemini,How to CONTROL Aspect Ratio on Gemini When Editing Multiple Images (Nano Banana Tips)
Gemini,How to Turn Gemini 'Nano Banana' into Your PERSONAL AI Outfit Try-On
Gemini,How to Turn ANYTHING Into 3D Miniature with Gemini AI - Nano Banana
Gemini,How to Seamlessly EXPAND Your Photo with Gemini AI - Outpainting with Nano Banana
Gemini,How to Control Aspect Ratio in Gemini Nano Banana - The EASIEST FIX
Gemini,How to INSTANTLY Fix Gemini 'Nano Banana' Aspect Ratio Problems When Creating Images
Gemini,How to 'Upscale' Blurry Photos Like a PRO with Gemini AI
Gemini,How to Turn Your Photo into 3D ISOMETRIC View with Gemini AI
Gemini,How to Add DRAMATIC Shadow Effect to Your Selfie with Gemini (copy these prompts)
Gemini,How to Edit Amateur Selfie to Look CINEMATIC with Gemini AI (Copy These Prompts)
Gemini,"How to Download YouTube Thumbnail Instantly Using AI (ChatGPT, Gemini, Perplexity, etc)"
Gemini,How to Create Transparent Outline Text Effect with Gemini AI - is it possible?
Gemini,How to Insert Text Behind Objects with Gemini AI (NO PHOTOSHOP)
Gemini,How to Create This VIRAL 3D Figurine Character with Gemini AI - Nano Banana
Gemini,How to Create STUDIO-QUALITY Floating Product Photography with NEW Gemini AI
Gemini,How to Create AR-Style Annotation in a Picture with NEW Gemini AI Editor
Gemini,How to Remove Image Watermarks with Gemini 'Nano Banana' (2.5 Flash Image Preview)
Gemini,How to Chat Privately in Gemini That Deletes Automatically - Turn On INCOGNITO Mode
Gemini,Gemini 'Nano Banana' is INSANE - 14 Practical Use Cases You Must Try Now!
Gemini,Gemini Can Edit Photos BETTER Than Human - How to Edit Photos By Just Asking
Gemini,How to Create a Mood Board with Gemini AI That Looks INSANELY Beautiful
Gemini,This AI Beats Gemini Study Mode - How to Learn Effectively from Document with 'Learn About'
Gemini,How to Create Your Dream AI Apps with Gemini in Google AI Studio & Google Stitch
Gemini,How to Enable AUTOSAVE Messages in Google AI Studio (just like Gemini)
Gemini,How to Use ChatGPT as ON-DEMAND Search Engine in Chrome (Like @Gemini)
Gemini,How to Create Children Storybooks with Gemini AI - Turn Pictures into Thoughtful Stories
Gemini,How to Create Interactive FLASHCARDS with Gemini AI's Guided Learning
Gemini,How to Use Gemini's GUIDED LEARNING Like Being Taught by a Teacher
Gemini,How to Chat with Gemini in Google Messages Without Any Cost (Hint: Turn on RCS)
Gemini,How to Generate Multiple Pictures AT ONCE with Gemini AI - Try This Cool Hidden Feature!
Gemini,How to Create SUPER Realistic Images with Gemini's Imagen AI (+ Examples)
Gemini,How to Use Qwen-MT to Translate 92 Languages Accurately (BETTER than ChatGPT & Gemini)
Gemini,How to COPY ChatGPT's Study Mode to Gemini AI (Secret Custom Instructions)
Gemini,How to Chat with Gemini 2.5 Flash-Lite to Get FASTER Answers
Gemini,How to Use Qwen3-Coder to Build Apps for FREE (It Beats GPT-4.1 & Gemini 2.5 Pro)
Gemini,How to Use Gemini AI Without UNLOCKING Your Phone (and Screen Off)
Gemini,How to Use Gemini CLI to Rename Images on Your PC with Descriptive Names
Gemini,How to Download Gemini AI Infographic as a REAL Picture .PNG
Gemini,DO NOT Use Gemini to Edit Your Product Photos - Use These FREE AI Instead!
Gemini,How to Use Gemini AI in Gmail to Help You Craft PROFESSIONAL Emails (or replies)
Gemini,How to Branch Conversation with Gemini AI - PERFECT for Testing & Iteration
Gemini,How to Convert PDF Document to Infographics with Gemini AI (Learn Anything Faster)
Gemini,How to Upload ANY Book and Summarize It with Gemini AI (1M+ Context Window)
Gemini,How to Create a Subtitle File from Video With Gemini AI
Gemini,How to AUTOMATE Your Browser Tasks with Gemini AI - Free AI Agent Tutorial
Gemini,6 Actionable Gemini AI Hacks That Would Made Teacher Life EASIER
Gemini,How to Create App Using Gemini AI and Put it to Home Screen
Gemini,How to Share Live Camera & Screen to Gemini AI in Real-Time (Gemini's Project Astra)
Gemini,How to Make Gemini Run Your Prompt AUTOMATICALLY - Scheduled Actions Tutorial
Gemini,How to Make Gemini AI Sound More Natural (like real human)
Gemini,How to Personalize Gemini AI to Give You 10X BETTER Answer
Gemini,How to Create Alarms via Gemini AI App Mobile AND EVEN Desktop Version
Gemini,How to Turn Photo into Aerial Drone Footage Using Veo 3 (Gemini - Google Flow)
Gemini,How to Turn Photos into Videos Using Gemini AI (Veo 3)
Gemini,How to Bring Gemini App to Your Phone Home Screen
Gemini,How to Activate Gemini AI WIth Your Voice (Hey Google)
Gemini,How to Turn On Gemini AI on Your Pixel Phone (to replace Google Assistant)
Gemini,How to Use Gemini When Searching on Google (Insane AI Features)
Gemini,How to Cancel Your Gemini (Google AI/Google One) Subscription
Gemini,How to Create AI Videos Using Veo 3 in Gemini App (Fast Generation)
Gemini,How to Turn Documents into AI Website Using Gemini
Gemini,How to Turn Gemini Canvas Document Into Infographics
Gemini,How to Use Gemini AI on Google Sheets Without Paying Subscription
Gemini,How to Create a Professional CV Document Using Gemini AI
Gemini,How to Create Beautiful Infographics Using Gemini AI (then Download as a Picture)
Gemini,How to Create AI Videos in Gemini (and a Better Alternative I Recommend)
Gemini,How to Use Gemini AI on Google Slides - 5 Cool Things You Can Do
Gemini,How to Summarize LONG YouTube Videos in Seconds Using Gemini AI
Gemini,How to Access Gemini Diffusion - Google's Ultra Fast AI
Gemini,How to Enable Gemini on Google Workspace Apps (Even Without Paying)
Gemini,How to Access Gemini AI Without Login to Google
Gemini,How to Use Gemini Live on Desktop Web Version - Google AI Studio
Gemini,3 Ways to Uninstall Gemini from Your Android Phone
Gemini,How to Switch Back to Google Assistant from Gemini AI
Gemini,How to Switch Google Assistant to Gemini AI in 2 Minutes
Gemini,How to Change Language in Gemini (and Make It Multilingual)
Gemini,How to Use Gemini to Translate Document to Any Language
Gemini,How to Research Anything With Gemini AI Deep Research
Gemini,How to Listen to Gemini AI Answer (and It's Quite Realistic)
Gemini,How to Remove the 'ai' Watermark from Gemini Pictures
Gemini,How to Remove Watermarks from Image Using Gemini AI
Gemini,How to Disable Gemini AI on Gmail (if You Subscribed to Google AI)
Gemini,How to Use the Live Voice Mode in Gemini AI App
Gemini,How to Clear Chat History on Gemini AI Desktop & Mobile
Gemini,How to Use Gemini in Google Drive to Summarize Files
Gemini,How to Change Gemini's Voice in the Live Mode
Gemini,How to Find Chat History in Gemini AI App and Desktop
Gemini,How to Use Older Versions of Gemini AI (Like 2.0 and 1.5)
Gemini,How to Download Native 2K Picture in Gemini AI
Gemini,This AI Helps You Learn Faster - How to Use LearnLM in Gemini
Gemini,How to Transform Your Photo into Authentic Vintage Look on Gemini AI
Gemini,How to Create an Interactive Quiz in Gemini AI (Hidden Feature)
Gemini,How to Remove Background in Gemini AI and Download as PNG
Gemini,How to Edit Pictures with Gemini AI (And Some Best Practices)
Gemini,How to Access Gemini AI on Your Android Phone
Gemini,How to Create 2K Pictures with Imagen 4 with Gemini AI
Gemini,How to Create Vertical Picture on Gemini AI - Imagen 4
Gemini,How to Create Multi-Speaker AI Dialogue with Gemini 2.5 (FREE)
Gemini,How to Faithfully Restore Old Photos with Gemini AI
Gemini,How to Get Gemini API Key for FREE - Google AI Studio
Gemini,How to Download Gemini App to PC (Even Though There is No App)
Gemini,How to Extract Text from a Photo Using AI (ChatGPT & Gemini)
Gemini,How to Create a PDF Document Directly in Gemini AI
Gemini,5 Gemini AI Hidden Tips on Google Docs
Gemini,How to Turn On Gemini AI on Google Docs So You Can Write Faster
Gemini,How to Create To-Do List in Gemini AI - Google Tasks
Gemini,5 Hidden Gemini AI Features That Will Change Your Life
Gemini,How to Enable Gemini AI on Gmail to Speed Up Your Work
Gemini,How to Generate YouTube Chapters with Gemini AI
Gemini,This Gemini Dictation Will Auto Correct Your Speech
Gemini,How to Disable Gemini AI Shortcuts in Google Chrome
Gemini,Google's AI Just Got a HUGE Update - Edit Images with Gemini
Gemini,How to Try Gemini 2.5 Pro Preview Even if You Are Not Developer
Gemini,How to Access Gemini AI from Chrome Address Bar
Gemini,How to Create Presentation Using Gemini AI
Gemini,This Gemini App Can Make Cute GIF Animation in 20 Seconds
Gemini,How to Use Gemini Gems to 10x Your Productivity
Gemini,Gemini 2.5 Pro in Perplexity is Weaker
Gemini,How to Use Gemini 2 5 Pro for FREE
Gemini,Is Gemini Canvas Good at Coding?
Gemini,Gemini Can Make Realistic Podcast Now
Gemini,Google Might Have Killed Photoshop - Gemini 2.0 Flash Editing is INSANE!
Gemini,How to Install and Use Gemini on Your Chromebook
